,train_losses,valid_losses,valid_accuracy
0,5.335995388301936,5.019902162914034,0.0175
