,train_losses,val_losses,val_acc
0,5.770546673373743,4.320808339118957,0.0334
